{"metrics": {"srcc": 0.9747747747747749, "plcc": 0.9670715264402122}, "preds": [0.5564437508583069, 0.33974844217300415, 0.6692561507225037, 0.2609689235687256, 0.7999003529548645, 0.41971471905708313, 0.4502253234386444, 0.7471875548362732, 0.4266996681690216, 0.5839031338691711, 0.2628987729549408, 0.20211483538150787, 0.5012429356575012, 0.5311033725738525, 0.33192178606987, 0.7918497323989868, 0.7957922220230103, 0.468671977519989, 0.8387380242347717, 0.3222745358943939, 0.7056885361671448, 0.6518244743347168, 0.9121248722076416, 0.7180675268173218, 0.09801965206861496, 0.512333869934082, 0.2989901900291443, 0.8545604348182678, 0.7776092886924744, 0.7661244869232178, 0.18465405702590942, 0.6349881887435913, 0.837639331817627, 0.5417073369026184, 0.6001860499382019, 0.733296275138855], "targets": [0.4566666781902313, 0.19361111521720886, 0.6427778005599976, 0.22083333134651184, 0.7205555438995361, 0.27166667580604553, 0.29555556178092957, 0.7130555510520935, 0.3222222328186035, 0.551111102104187, 0.3199999928474426, 0.16527777910232544, 0.4188888967037201, 0.4025000035762787, 0.26527777314186096, 0.820555567741394, 0.7975000143051147, 0.40611112117767334, 0.8174999952316284, 0.3847222328186035, 0.5980555415153503, 0.6122221946716309, 0.9113888740539551, 0.7602777481079102, 0.14472222328186035, 0.4483333230018616, 0.261944442987442, 0.8486111164093018, 0.7733333110809326, 0.8033333420753479, 0.17638888955116272, 0.5938888788223267, 0.8933333158493042, 0.49666666984558105, 0.4891666769981384, 0.7691666483879089], "keys": ["LiZhaoJi_Building+tensorf+baseline+path1", "office_view2+mipnerf+baseline+path2", "Architecture+nerfacto+clip_2.5+path2", "LiZhaoJi_Building+nerf+baseline+path2", "apartment+nerfacto+baseline+path1", "Sqaure1+tensorf+baseline+path2", "Architecture+tensorf+baseline+path1", "office1b+instant-ngp+baseline+path1", "Center_Garden+mipnerf+baseline+path2", "office1b+tensorf+baseline+path2", "Architecture+nerf+baseline+path2", "Sqaure1+instant-ngp+baseline+path2", "apartment+mipnerf+baseline+path1", "apartment+nerf+baseline+path2", "Architecture+tensorf+clip_1.5+path2", "office1b+instant-ngp+baseline+path2", "riverview+nerfacto+baseline+path1", "riverview+tensorf+baseline+path1", "apartment+instant-ngp+baseline+path1", "riverview+nerf+baseline+path2", "LiZhaoJi_Building+instant-ngp+baseline+path2", "raf_furnishedroom+tensorf+baseline+path2", "apartment+instant-ngp+baseline+path2", "riverview+nerfacto+clip_0.7+path1", "LiZhaoJi_Building+instant-ngp+clip_0.4+path1", "Architecture+instant-ngp+baseline+path2", "Sqaure1+nerf+baseline+path2", "raf_furnishedroom+nerfacto+baseline+path1", "office1b+nerfacto+gamma_0.6+path1", "LiZhaoJi_Building+nerfacto+gamma_0.6+path1", "office1b+nerf+baseline+path2", "riverview+nerfacto+gamma_0.6+path1", "LiZhaoJi_Building+nerfacto+baseline+path1", "office_view2+tensorf+baseline+path2", "riverview+tensorf+clip_2.5+path1", "riverview+instant-ngp+baseline+path1"]}