{
    "srcc": 0.9628482972136224,
    "plcc": 0.9773596044994037,
    "krcc": 0.9084967320261439,
    "rmse": 5.941201686859131
}