{
    "run_info": {
        "epoch": 24,
        "seed": 3407,
        "time": "20260204_120755",
        "criteria": "Max(SRCC+PLCC)"
    },
    "metrics": {
        "srcc": 0.9701415701415703,
        "plcc": 0.975854865516235,
        "krcc": 0.8698412698412699,
        "rmse": 6.453094005584717,
        "best_combined_score": 1.9459964356578054
    },
    "preds": [
        0.47503483295440674,
        0.3158072829246521,
        0.647788941860199,
        0.33667927980422974,
        0.7352299690246582,
        0.3156186640262604,
        0.37043166160583496,
        0.6811929941177368,
        0.3351660370826721,
        0.5116139054298401,
        0.2630768418312073,
        0.2773532271385193,
        0.43338263034820557,
        0.4678184390068054,
        0.3027934432029724,
        0.748485803604126,
        0.7360609173774719,
        0.4220615327358246,
        0.7642431259155273,
        0.3491957485675812,
        0.6626935005187988,
        0.6392734050750732,
        0.8352434635162354,
        0.7132110595703125,
        0.23878683149814606,
        0.4879305362701416,
        0.2929087281227112,
        0.7763033509254456,
        0.7581587433815002,
        0.7881599068641663,
        0.27721402049064636,
        0.6342945694923401,
        0.8690136671066284,
        0.5316675901412964,
        0.5399367213249207,
        0.5973660349845886
    ],
    "targets": [
        0.4566666781902313,
        0.19361111521720886,
        0.6427778005599976,
        0.22083333134651184,
        0.7205555438995361,
        0.27166667580604553,
        0.29555556178092957,
        0.7130555510520935,
        0.3222222328186035,
        0.551111102104187,
        0.3199999928474426,
        0.16527777910232544,
        0.4188888967037201,
        0.4025000035762787,
        0.26527777314186096,
        0.820555567741394,
        0.7975000143051147,
        0.40611112117767334,
        0.8174999952316284,
        0.3847222328186035,
        0.5980555415153503,
        0.6122221946716309,
        0.9113888740539551,
        0.7602777481079102,
        0.14472222328186035,
        0.4483333230018616,
        0.261944442987442,
        0.8486111164093018,
        0.7733333110809326,
        0.8033333420753479,
        0.17638888955116272,
        0.5938888788223267,
        0.8933333158493042,
        0.49666666984558105,
        0.4891666769981384,
        0.7691666483879089
    ],
    "keys": [
        "LiZhaoJi_Building+tensorf+baseline+path1",
        "office_view2+mipnerf+baseline+path2",
        "Architecture+nerfacto+clip_2.5+path2",
        "LiZhaoJi_Building+nerf+baseline+path2",
        "apartment+nerfacto+baseline+path1",
        "Sqaure1+tensorf+baseline+path2",
        "Architecture+tensorf+baseline+path1",
        "office1b+instant-ngp+baseline+path1",
        "Center_Garden+mipnerf+baseline+path2",
        "office1b+tensorf+baseline+path2",
        "Architecture+nerf+baseline+path2",
        "Sqaure1+instant-ngp+baseline+path2",
        "apartment+mipnerf+baseline+path1",
        "apartment+nerf+baseline+path2",
        "Architecture+tensorf+clip_1.5+path2",
        "office1b+instant-ngp+baseline+path2",
        "riverview+nerfacto+baseline+path1",
        "riverview+tensorf+baseline+path1",
        "apartment+instant-ngp+baseline+path1",
        "riverview+nerf+baseline+path2",
        "LiZhaoJi_Building+instant-ngp+baseline+path2",
        "raf_furnishedroom+tensorf+baseline+path2",
        "apartment+instant-ngp+baseline+path2",
        "riverview+nerfacto+clip_0.7+path1",
        "LiZhaoJi_Building+instant-ngp+clip_0.4+path1",
        "Architecture+instant-ngp+baseline+path2",
        "Sqaure1+nerf+baseline+path2",
        "raf_furnishedroom+nerfacto+baseline+path1",
        "office1b+nerfacto+gamma_0.6+path1",
        "LiZhaoJi_Building+nerfacto+gamma_0.6+path1",
        "office1b+nerf+baseline+path2",
        "riverview+nerfacto+gamma_0.6+path1",
        "LiZhaoJi_Building+nerfacto+baseline+path1",
        "office_view2+tensorf+baseline+path2",
        "riverview+tensorf+clip_2.5+path1",
        "riverview+instant-ngp+baseline+path1"
    ]
}