{
    "run_info": {
        "epoch": 429,
        "seed": 1234,
        "time": "20260205_195042"
    },
    "metrics": {
        "srcc": 0.9607843137254902,
        "plcc": 0.986179561731864,
        "krcc": 0.8954248366013072,
        "rmse": 3.465806484222412,
        "best_combined_score": 1.9469638754573544
    },
    "preds": [
        0.4636777937412262,
        0.25431010127067566,
        0.6449284553527832,
        0.24396677315235138,
        0.7285460829734802,
        0.2781529426574707,
        0.3274470865726471,
        0.74979168176651,
        0.31824812293052673,
        0.5365728139877319,
        0.2212277203798294,
        0.19468213617801666,
        0.40413451194763184,
        0.35285529494285583,
        0.26138627529144287,
        0.8335171341896057,
        0.7873755097389221,
        0.3735572099685669
    ],
    "targets": [
        0.4566666781902313,
        0.19361111521720886,
        0.6427778005599976,
        0.22083333134651184,
        0.7205555438995361,
        0.27166667580604553,
        0.29555556178092957,
        0.7130555510520935,
        0.3222222328186035,
        0.551111102104187,
        0.3199999928474426,
        0.16527777910232544,
        0.4188888967037201,
        0.4025000035762787,
        0.26527777314186096,
        0.820555567741394,
        0.7975000143051147,
        0.40611112117767334
    ],
    "keys": [
        "LiZhaoJi_Building+tensorf+baseline+path1",
        "office_view2+mipnerf+baseline+path2",
        "Architecture+nerfacto+clip_2.5+path2",
        "LiZhaoJi_Building+nerf+baseline+path2",
        "apartment+nerfacto+baseline+path1",
        "Sqaure1+tensorf+baseline+path2",
        "Architecture+tensorf+baseline+path1",
        "office1b+instant-ngp+baseline+path1",
        "Center_Garden+mipnerf+baseline+path2",
        "office1b+tensorf+baseline+path2",
        "Architecture+nerf+baseline+path2",
        "Sqaure1+instant-ngp+baseline+path2",
        "apartment+mipnerf+baseline+path1",
        "apartment+nerf+baseline+path2",
        "Architecture+tensorf+clip_1.5+path2",
        "office1b+instant-ngp+baseline+path2",
        "riverview+nerfacto+baseline+path1",
        "riverview+tensorf+baseline+path1"
    ]
}