{
    "srcc": 0.9504643962848297,
    "plcc": 0.9569405765754455,
    "krcc": 0.8823529411764707,
    "rmse": 6.368892192840576
}