{
    "run_info": {
        "epoch": 39,
        "seed": 3407,
        "time": "20260205_100642",
        "criteria": "Max(SRCC+PLCC)"
    },
    "metrics": {
        "srcc": 0.9442724458204333,
        "plcc": 0.9619846014948027,
        "krcc": 0.8562091503267976,
        "rmse": 8.627565383911133,
        "best_combined_score": 1.906257047315236
    },
    "preds": [
        0.3980504870414734,
        0.2262166142463684,
        0.5866117477416992,
        0.24998021125793457,
        0.6475540995597839,
        0.316791832447052,
        0.32245224714279175,
        0.6251046657562256,
        0.27576732635498047,
        0.38112175464630127,
        0.19594638049602509,
        0.19577959179878235,
        0.3498012125492096,
        0.3185827136039734,
        0.26446500420570374,
        0.6375669836997986,
        0.6821895241737366,
        0.3454144299030304
    ],
    "targets": [
        0.4566666781902313,
        0.19361111521720886,
        0.6427778005599976,
        0.22083333134651184,
        0.7205555438995361,
        0.27166667580604553,
        0.29555556178092957,
        0.7130555510520935,
        0.3222222328186035,
        0.551111102104187,
        0.3199999928474426,
        0.16527777910232544,
        0.4188888967037201,
        0.4025000035762787,
        0.26527777314186096,
        0.820555567741394,
        0.7975000143051147,
        0.40611112117767334
    ],
    "keys": [
        "LiZhaoJi_Building+tensorf+baseline+path1",
        "office_view2+mipnerf+baseline+path2",
        "Architecture+nerfacto+clip_2.5+path2",
        "LiZhaoJi_Building+nerf+baseline+path2",
        "apartment+nerfacto+baseline+path1",
        "Sqaure1+tensorf+baseline+path2",
        "Architecture+tensorf+baseline+path1",
        "office1b+instant-ngp+baseline+path1",
        "Center_Garden+mipnerf+baseline+path2",
        "office1b+tensorf+baseline+path2",
        "Architecture+nerf+baseline+path2",
        "Sqaure1+instant-ngp+baseline+path2",
        "apartment+mipnerf+baseline+path1",
        "apartment+nerf+baseline+path2",
        "Architecture+tensorf+clip_1.5+path2",
        "office1b+instant-ngp+baseline+path2",
        "riverview+nerfacto+baseline+path1",
        "riverview+tensorf+baseline+path1"
    ]
}