{
    "run_info": {
        "epoch": 41,
        "seed": 3407,
        "time": "20260204_205222",
        "criteria": "Max(SRCC+PLCC)"
    },
    "metrics": {
        "srcc": 0.9747747747747749,
        "plcc": 0.9686671637139503,
        "krcc": 0.8761904761904762,
        "rmse": 10.9148588180542,
        "best_combined_score": 1.9434419384887254
    },
    "preds": [
        0.38085779547691345,
        0.3022193908691406,
        0.4903310537338257,
        0.2696596086025238,
        0.6159257888793945,
        0.30417823791503906,
        0.36061349511146545,
        0.5891539454460144,
        0.31673192977905273,
        0.45163124799728394,
        0.218171626329422,
        0.2520902752876282,
        0.38760846853256226,
        0.3477196991443634,
        0.30032476782798767,
        0.6834524869918823,
        0.6385208368301392,
        0.3710104823112488,
        0.6864259839057922,
        0.27888405323028564,
        0.5358370542526245,
        0.49944889545440674,
        0.8217759728431702,
        0.5411171913146973,
        0.21191860735416412,
        0.4107847809791565,
        0.2674335539340973,
        0.7000673413276672,
        0.660110592842102,
        0.6451137661933899,
        0.18941104412078857,
        0.44388434290885925,
        0.6769834756851196,
        0.4394078254699707,
        0.4528707265853882,
        0.5826084017753601
    ],
    "targets": [
        0.4566666781902313,
        0.19361111521720886,
        0.6427778005599976,
        0.22083333134651184,
        0.7205555438995361,
        0.27166667580604553,
        0.29555556178092957,
        0.7130555510520935,
        0.3222222328186035,
        0.551111102104187,
        0.3199999928474426,
        0.16527777910232544,
        0.4188888967037201,
        0.4025000035762787,
        0.26527777314186096,
        0.820555567741394,
        0.7975000143051147,
        0.40611112117767334,
        0.8174999952316284,
        0.3847222328186035,
        0.5980555415153503,
        0.6122221946716309,
        0.9113888740539551,
        0.7602777481079102,
        0.14472222328186035,
        0.4483333230018616,
        0.261944442987442,
        0.8486111164093018,
        0.7733333110809326,
        0.8033333420753479,
        0.17638888955116272,
        0.5938888788223267,
        0.8933333158493042,
        0.49666666984558105,
        0.4891666769981384,
        0.7691666483879089
    ],
    "keys": [
        "LiZhaoJi_Building+tensorf+baseline+path1",
        "office_view2+mipnerf+baseline+path2",
        "Architecture+nerfacto+clip_2.5+path2",
        "LiZhaoJi_Building+nerf+baseline+path2",
        "apartment+nerfacto+baseline+path1",
        "Sqaure1+tensorf+baseline+path2",
        "Architecture+tensorf+baseline+path1",
        "office1b+instant-ngp+baseline+path1",
        "Center_Garden+mipnerf+baseline+path2",
        "office1b+tensorf+baseline+path2",
        "Architecture+nerf+baseline+path2",
        "Sqaure1+instant-ngp+baseline+path2",
        "apartment+mipnerf+baseline+path1",
        "apartment+nerf+baseline+path2",
        "Architecture+tensorf+clip_1.5+path2",
        "office1b+instant-ngp+baseline+path2",
        "riverview+nerfacto+baseline+path1",
        "riverview+tensorf+baseline+path1",
        "apartment+instant-ngp+baseline+path1",
        "riverview+nerf+baseline+path2",
        "LiZhaoJi_Building+instant-ngp+baseline+path2",
        "raf_furnishedroom+tensorf+baseline+path2",
        "apartment+instant-ngp+baseline+path2",
        "riverview+nerfacto+clip_0.7+path1",
        "LiZhaoJi_Building+instant-ngp+clip_0.4+path1",
        "Architecture+instant-ngp+baseline+path2",
        "Sqaure1+nerf+baseline+path2",
        "raf_furnishedroom+nerfacto+baseline+path1",
        "office1b+nerfacto+gamma_0.6+path1",
        "LiZhaoJi_Building+nerfacto+gamma_0.6+path1",
        "office1b+nerf+baseline+path2",
        "riverview+nerfacto+gamma_0.6+path1",
        "LiZhaoJi_Building+nerfacto+baseline+path1",
        "office_view2+tensorf+baseline+path2",
        "riverview+tensorf+clip_2.5+path1",
        "riverview+instant-ngp+baseline+path1"
    ]
}