{
    "run_info": {
        "epoch": 51,
        "seed": 3407,
        "time": "20260128_222137"
    },
    "metrics": {
        "srcc": 0.5323037323037323,
        "plcc": 0.5701603544933811,
        "krcc": 0.37142857142857144,
        "rmse": 27.890827178955078
    },
    "preds": [
        0.8083312511444092,
        0.820025622844696,
        0.9071804881095886,
        0.4238663613796234,
        0.7129679918289185,
        0.6832672357559204,
        0.2678208351135254,
        0.8022429943084717,
        0.644310474395752,
        0.7524068355560303,
        0.5743824243545532,
        0.40093064308166504,
        0.7547895908355713,
        0.7891468405723572,
        0.6274617910385132,
        0.8069766163825989,
        0.8331288695335388,
        0.8237632513046265,
        0.7856147289276123,
        0.8344523310661316,
        0.7945631146430969,
        0.7800745368003845,
        0.822249710559845,
        0.7859517931938171,
        0.6641448736190796,
        0.48814746737480164,
        0.4694913625717163,
        0.7673423290252686,
        0.8033358454704285,
        0.8069841861724854,
        0.740115225315094,
        0.8358733057975769,
        0.8224422335624695,
        0.622528076171875,
        0.8889697194099426,
        0.8279020190238953
    ],
    "targets": [
        0.4566666781902313,
        0.19361111521720886,
        0.6427778005599976,
        0.22083333134651184,
        0.7205555438995361,
        0.27166667580604553,
        0.29555556178092957,
        0.7130555510520935,
        0.3222222328186035,
        0.551111102104187,
        0.3199999928474426,
        0.16527777910232544,
        0.4188888967037201,
        0.4025000035762787,
        0.26527777314186096,
        0.820555567741394,
        0.7975000143051147,
        0.40611112117767334,
        0.8174999952316284,
        0.3847222328186035,
        0.5980555415153503,
        0.6122221946716309,
        0.9113888740539551,
        0.7602777481079102,
        0.14472222328186035,
        0.4483333230018616,
        0.261944442987442,
        0.8486111164093018,
        0.7733333110809326,
        0.8033333420753479,
        0.17638888955116272,
        0.5938888788223267,
        0.8933333158493042,
        0.49666666984558105,
        0.4891666769981384,
        0.7691666483879089
    ],
    "keys": [
        "LiZhaoJi_Building+tensorf+baseline+path1",
        "office_view2+mipnerf+baseline+path2",
        "Architecture+nerfacto+clip_2.5+path2",
        "LiZhaoJi_Building+nerf+baseline+path2",
        "apartment+nerfacto+baseline+path1",
        "Sqaure1+tensorf+baseline+path2",
        "Architecture+tensorf+baseline+path1",
        "office1b+instant-ngp+baseline+path1",
        "Center_Garden+mipnerf+baseline+path2",
        "office1b+tensorf+baseline+path2",
        "Architecture+nerf+baseline+path2",
        "Sqaure1+instant-ngp+baseline+path2",
        "apartment+mipnerf+baseline+path1",
        "apartment+nerf+baseline+path2",
        "Architecture+tensorf+clip_1.5+path2",
        "office1b+instant-ngp+baseline+path2",
        "riverview+nerfacto+baseline+path1",
        "riverview+tensorf+baseline+path1",
        "apartment+instant-ngp+baseline+path1",
        "riverview+nerf+baseline+path2",
        "LiZhaoJi_Building+instant-ngp+baseline+path2",
        "raf_furnishedroom+tensorf+baseline+path2",
        "apartment+instant-ngp+baseline+path2",
        "riverview+nerfacto+clip_0.7+path1",
        "LiZhaoJi_Building+instant-ngp+clip_0.4+path1",
        "Architecture+instant-ngp+baseline+path2",
        "Sqaure1+nerf+baseline+path2",
        "raf_furnishedroom+nerfacto+baseline+path1",
        "office1b+nerfacto+gamma_0.6+path1",
        "LiZhaoJi_Building+nerfacto+gamma_0.6+path1",
        "office1b+nerf+baseline+path2",
        "riverview+nerfacto+gamma_0.6+path1",
        "LiZhaoJi_Building+nerfacto+baseline+path1",
        "office_view2+tensorf+baseline+path2",
        "riverview+tensorf+clip_2.5+path1",
        "riverview+instant-ngp+baseline+path1"
    ]
}