{
    "run_info": {
        "epoch": 365,
        "seed": 2026,
        "time": "20260205_195042"
    },
    "metrics": {
        "srcc": 0.954592363261094,
        "plcc": 0.9800416555379707,
        "krcc": 0.8692810457516341,
        "rmse": 5.372675895690918,
        "best_combined_score": 1.9346340187990647
    },
    "preds": [
        0.5126760601997375,
        0.33248332142829895,
        0.6579796671867371,
        0.26960107684135437,
        0.7254952192306519,
        0.33884674310684204,
        0.36257845163345337,
        0.7014797925949097,
        0.34822559356689453,
        0.5254828333854675,
        0.25629857182502747,
        0.2558841109275818,
        0.4385138154029846,
        0.4295695424079895,
        0.3112848103046417,
        0.8049848079681396,
        0.8190522789955139,
        0.4209684431552887
    ],
    "targets": [
        0.4566666781902313,
        0.19361111521720886,
        0.6427778005599976,
        0.22083333134651184,
        0.7205555438995361,
        0.27166667580604553,
        0.29555556178092957,
        0.7130555510520935,
        0.3222222328186035,
        0.551111102104187,
        0.3199999928474426,
        0.16527777910232544,
        0.4188888967037201,
        0.4025000035762787,
        0.26527777314186096,
        0.820555567741394,
        0.7975000143051147,
        0.40611112117767334
    ],
    "keys": [
        "LiZhaoJi_Building+tensorf+baseline+path1",
        "office_view2+mipnerf+baseline+path2",
        "Architecture+nerfacto+clip_2.5+path2",
        "LiZhaoJi_Building+nerf+baseline+path2",
        "apartment+nerfacto+baseline+path1",
        "Sqaure1+tensorf+baseline+path2",
        "Architecture+tensorf+baseline+path1",
        "office1b+instant-ngp+baseline+path1",
        "Center_Garden+mipnerf+baseline+path2",
        "office1b+tensorf+baseline+path2",
        "Architecture+nerf+baseline+path2",
        "Sqaure1+instant-ngp+baseline+path2",
        "apartment+mipnerf+baseline+path1",
        "apartment+nerf+baseline+path2",
        "Architecture+tensorf+clip_1.5+path2",
        "office1b+instant-ngp+baseline+path2",
        "riverview+nerfacto+baseline+path1",
        "riverview+tensorf+baseline+path1"
    ]
}