{
    "run_info": {
        "epoch": 30,
        "seed": 3407,
        "time": "20260205_115400",
        "criteria": "Max(SRCC+PLCC)"
    },
    "metrics": {
        "srcc": 0.9360165118679051,
        "plcc": 0.9671694978505363,
        "krcc": 0.8431372549019609,
        "rmse": 5.967813014984131,
        "best_combined_score": 1.9031860097184414
    },
    "preds": [
        0.41936397552490234,
        0.2457466721534729,
        0.7104702591896057,
        0.20706835389137268,
        0.7542868256568909,
        0.24345041811466217,
        0.2720568776130676,
        0.659033477306366,
        0.2461201399564743,
        0.5130794048309326,
        0.13783298432826996,
        0.20497789978981018,
        0.417519748210907,
        0.357493132352829,
        0.22861658036708832,
        0.7543244361877441,
        0.7980393171310425,
        0.3981422185897827
    ],
    "targets": [
        0.4566666781902313,
        0.19361111521720886,
        0.6427778005599976,
        0.22083333134651184,
        0.7205555438995361,
        0.27166667580604553,
        0.29555556178092957,
        0.7130555510520935,
        0.3222222328186035,
        0.551111102104187,
        0.3199999928474426,
        0.16527777910232544,
        0.4188888967037201,
        0.4025000035762787,
        0.26527777314186096,
        0.820555567741394,
        0.7975000143051147,
        0.40611112117767334
    ],
    "keys": [
        "LiZhaoJi_Building+tensorf+baseline+path1",
        "office_view2+mipnerf+baseline+path2",
        "Architecture+nerfacto+clip_2.5+path2",
        "LiZhaoJi_Building+nerf+baseline+path2",
        "apartment+nerfacto+baseline+path1",
        "Sqaure1+tensorf+baseline+path2",
        "Architecture+tensorf+baseline+path1",
        "office1b+instant-ngp+baseline+path1",
        "Center_Garden+mipnerf+baseline+path2",
        "office1b+tensorf+baseline+path2",
        "Architecture+nerf+baseline+path2",
        "Sqaure1+instant-ngp+baseline+path2",
        "apartment+mipnerf+baseline+path1",
        "apartment+nerf+baseline+path2",
        "Architecture+tensorf+clip_1.5+path2",
        "office1b+instant-ngp+baseline+path2",
        "riverview+nerfacto+baseline+path1",
        "riverview+tensorf+baseline+path1"
    ]
}