{
    "srcc": 0.9525283797729618,
    "plcc": 0.9801116467903913,
    "krcc": 0.8954248366013072,
    "rmse": 5.054944038391113
}