{
    "srcc": 0.954592363261094,
    "plcc": 0.9775884708037201,
    "krcc": 0.8431372549019609,
    "rmse": 5.674490451812744
}