{
    "run_info": {
        "epoch": 45,
        "seed": 3407,
        "time": "20260205_140530",
        "criteria": "Max(SRCC+PLCC)"
    },
    "metrics": {
        "srcc": 0.9380804953560371,
        "plcc": 0.9767981849645168,
        "krcc": 0.8431372549019609,
        "rmse": 5.548214912414551,
        "best_combined_score": 1.914878680320554
    },
    "preds": [
        0.49794119596481323,
        0.28770479559898376,
        0.6504961252212524,
        0.28002315759658813,
        0.7434632778167725,
        0.35692593455314636,
        0.39094680547714233,
        0.7706382274627686,
        0.33693376183509827,
        0.5790731310844421,
        0.24222566187381744,
        0.22434183955192566,
        0.4317607581615448,
        0.38284561038017273,
        0.34077197313308716,
        0.7897400856018066,
        0.7712371945381165,
        0.4576190412044525
    ],
    "targets": [
        0.4566666781902313,
        0.19361111521720886,
        0.6427778005599976,
        0.22083333134651184,
        0.7205555438995361,
        0.27166667580604553,
        0.29555556178092957,
        0.7130555510520935,
        0.3222222328186035,
        0.551111102104187,
        0.3199999928474426,
        0.16527777910232544,
        0.4188888967037201,
        0.4025000035762787,
        0.26527777314186096,
        0.820555567741394,
        0.7975000143051147,
        0.40611112117767334
    ],
    "keys": [
        "LiZhaoJi_Building+tensorf+baseline+path1",
        "office_view2+mipnerf+baseline+path2",
        "Architecture+nerfacto+clip_2.5+path2",
        "LiZhaoJi_Building+nerf+baseline+path2",
        "apartment+nerfacto+baseline+path1",
        "Sqaure1+tensorf+baseline+path2",
        "Architecture+tensorf+baseline+path1",
        "office1b+instant-ngp+baseline+path1",
        "Center_Garden+mipnerf+baseline+path2",
        "office1b+tensorf+baseline+path2",
        "Architecture+nerf+baseline+path2",
        "Sqaure1+instant-ngp+baseline+path2",
        "apartment+mipnerf+baseline+path1",
        "apartment+nerf+baseline+path2",
        "Architecture+tensorf+clip_1.5+path2",
        "office1b+instant-ngp+baseline+path2",
        "riverview+nerfacto+baseline+path1",
        "riverview+tensorf+baseline+path1"
    ]
}