{
    "srcc": 0.9463364293085655,
    "plcc": 0.9719044676895102,
    "krcc": 0.8692810457516341,
    "rmse": 5.3725786209106445
}