{
    "srcc": 0.9442724458204333,
    "plcc": 0.9668962755677346,
    "krcc": 0.8562091503267976,
    "rmse": 7.461547374725342
}