{
    "srcc": 0.9484004127966976,
    "plcc": 0.9702154246859797,
    "krcc": 0.8823529411764707,
    "rmse": 8.302017211914062
}