{
    "srcc": 0.9484004127966976,
    "plcc": 0.9729697977050277,
    "krcc": 0.8823529411764707,
    "rmse": 4.900732517242432
}