{
    "srcc": 0.9463364293085655,
    "plcc": 0.9356881263287185,
    "krcc": 0.8562091503267976,
    "rmse": 7.645199775695801
}