{
    "run_info": {
        "epoch": 65,
        "seed": 3407,
        "time": "20260129_093538"
    },
    "metrics": {
        "srcc": 0.9827541827541829,
        "plcc": 0.9822630445273977,
        "krcc": 0.9174603174603175,
        "rmse": 4.738260269165039
    },
    "preds": [
        0.46504199504852295,
        0.2657231092453003,
        0.6896059513092041,
        0.27447453141212463,
        0.7848351001739502,
        0.3271980285644531,
        0.38197341561317444,
        0.739800214767456,
        0.3529435992240906,
        0.5509073138237,
        0.19008980691432953,
        0.15967604517936707,
        0.40967634320259094,
        0.40673357248306274,
        0.258784681558609,
        0.8412508964538574,
        0.8189455270767212,
        0.4568173885345459,
        0.8592076897621155,
        0.2664637267589569,
        0.5741680264472961,
        0.5575641989707947,
        0.9199509024620056,
        0.7924910187721252,
        0.14693938195705414,
        0.4152897894382477,
        0.28482821583747864,
        0.9029961824417114,
        0.7937473654747009,
        0.8519036769866943,
        0.1816793829202652,
        0.5896546840667725,
        0.9039057493209839,
        0.5028510689735413,
        0.5464397668838501,
        0.7201309204101562
    ],
    "targets": [
        0.4566666781902313,
        0.19361111521720886,
        0.6427778005599976,
        0.22083333134651184,
        0.7205555438995361,
        0.27166667580604553,
        0.29555556178092957,
        0.7130555510520935,
        0.3222222328186035,
        0.551111102104187,
        0.3199999928474426,
        0.16527777910232544,
        0.4188888967037201,
        0.4025000035762787,
        0.26527777314186096,
        0.820555567741394,
        0.7975000143051147,
        0.40611112117767334,
        0.8174999952316284,
        0.3847222328186035,
        0.5980555415153503,
        0.6122221946716309,
        0.9113888740539551,
        0.7602777481079102,
        0.14472222328186035,
        0.4483333230018616,
        0.261944442987442,
        0.8486111164093018,
        0.7733333110809326,
        0.8033333420753479,
        0.17638888955116272,
        0.5938888788223267,
        0.8933333158493042,
        0.49666666984558105,
        0.4891666769981384,
        0.7691666483879089
    ],
    "keys": [
        "LiZhaoJi_Building+tensorf+baseline+path1",
        "office_view2+mipnerf+baseline+path2",
        "Architecture+nerfacto+clip_2.5+path2",
        "LiZhaoJi_Building+nerf+baseline+path2",
        "apartment+nerfacto+baseline+path1",
        "Sqaure1+tensorf+baseline+path2",
        "Architecture+tensorf+baseline+path1",
        "office1b+instant-ngp+baseline+path1",
        "Center_Garden+mipnerf+baseline+path2",
        "office1b+tensorf+baseline+path2",
        "Architecture+nerf+baseline+path2",
        "Sqaure1+instant-ngp+baseline+path2",
        "apartment+mipnerf+baseline+path1",
        "apartment+nerf+baseline+path2",
        "Architecture+tensorf+clip_1.5+path2",
        "office1b+instant-ngp+baseline+path2",
        "riverview+nerfacto+baseline+path1",
        "riverview+tensorf+baseline+path1",
        "apartment+instant-ngp+baseline+path1",
        "riverview+nerf+baseline+path2",
        "LiZhaoJi_Building+instant-ngp+baseline+path2",
        "raf_furnishedroom+tensorf+baseline+path2",
        "apartment+instant-ngp+baseline+path2",
        "riverview+nerfacto+clip_0.7+path1",
        "LiZhaoJi_Building+instant-ngp+clip_0.4+path1",
        "Architecture+instant-ngp+baseline+path2",
        "Sqaure1+nerf+baseline+path2",
        "raf_furnishedroom+nerfacto+baseline+path1",
        "office1b+nerfacto+gamma_0.6+path1",
        "LiZhaoJi_Building+nerfacto+gamma_0.6+path1",
        "office1b+nerf+baseline+path2",
        "riverview+nerfacto+gamma_0.6+path1",
        "LiZhaoJi_Building+nerfacto+baseline+path1",
        "office_view2+tensorf+baseline+path2",
        "riverview+tensorf+clip_2.5+path1",
        "riverview+instant-ngp+baseline+path1"
    ]
}