{
    "srcc": 0.9484004127966976,
    "plcc": 0.9788123159470721,
    "krcc": 0.8823529411764707,
    "rmse": 4.508535385131836
}