{
    "run_info": {
        "epoch": 25,
        "seed": 3407,
        "time": "20260205_103427",
        "criteria": "Max(SRCC+PLCC)"
    },
    "metrics": {
        "srcc": 0.9401444788441692,
        "plcc": 0.9571609516228278,
        "krcc": 0.8431372549019609,
        "rmse": 13.011810302734375,
        "best_combined_score": 1.897305430466997
    },
    "preds": [
        0.2943503260612488,
        0.16040073335170746,
        0.5520440340042114,
        0.16462256014347076,
        0.664745032787323,
        0.17871342599391937,
        0.2537198066711426,
        0.5191317796707153,
        0.19770176708698273,
        0.308965265750885,
        0.138689786195755,
        0.15264463424682617,
        0.28124237060546875,
        0.2671441435813904,
        0.19596312940120697,
        0.6388902068138123,
        0.6870251893997192,
        0.2634676396846771
    ],
    "targets": [
        0.4566666781902313,
        0.19361111521720886,
        0.6427778005599976,
        0.22083333134651184,
        0.7205555438995361,
        0.27166667580604553,
        0.29555556178092957,
        0.7130555510520935,
        0.3222222328186035,
        0.551111102104187,
        0.3199999928474426,
        0.16527777910232544,
        0.4188888967037201,
        0.4025000035762787,
        0.26527777314186096,
        0.820555567741394,
        0.7975000143051147,
        0.40611112117767334
    ],
    "keys": [
        "LiZhaoJi_Building+tensorf+baseline+path1",
        "office_view2+mipnerf+baseline+path2",
        "Architecture+nerfacto+clip_2.5+path2",
        "LiZhaoJi_Building+nerf+baseline+path2",
        "apartment+nerfacto+baseline+path1",
        "Sqaure1+tensorf+baseline+path2",
        "Architecture+tensorf+baseline+path1",
        "office1b+instant-ngp+baseline+path1",
        "Center_Garden+mipnerf+baseline+path2",
        "office1b+tensorf+baseline+path2",
        "Architecture+nerf+baseline+path2",
        "Sqaure1+instant-ngp+baseline+path2",
        "apartment+mipnerf+baseline+path1",
        "apartment+nerf+baseline+path2",
        "Architecture+tensorf+clip_1.5+path2",
        "office1b+instant-ngp+baseline+path2",
        "riverview+nerfacto+baseline+path1",
        "riverview+tensorf+baseline+path1"
    ]
}