{
    "srcc": 0.9649122807017543,
    "plcc": 0.9727467872918633,
    "krcc": 0.8954248366013072,
    "rmse": 5.014362812042236
}