{
    "run_info": {
        "epoch": 26,
        "seed": 3407,
        "time": "20260204_174936",
        "criteria": "Max(SRCC+PLCC)"
    },
    "metrics": {
        "srcc": 0.9724581724581726,
        "plcc": 0.977657493642898,
        "krcc": 0.8825396825396826,
        "rmse": 6.761454105377197,
        "best_combined_score": 1.9501156661010706
    },
    "preds": [
        0.48396745324134827,
        0.3198128938674927,
        0.6836440563201904,
        0.3500499129295349,
        0.7146943211555481,
        0.3717913329601288,
        0.3817055821418762,
        0.7742010951042175,
        0.3989177346229553,
        0.5656140446662903,
        0.28949424624443054,
        0.31734198331832886,
        0.4868590235710144,
        0.411974161863327,
        0.36037614941596985,
        0.8037042021751404,
        0.6721980571746826,
        0.4011727571487427,
        0.7968605160713196,
        0.34390565752983093,
        0.6018561124801636,
        0.6028456091880798,
        0.8962152600288391,
        0.7167599201202393,
        0.23779504001140594,
        0.5134619474411011,
        0.3212670385837555,
        0.8001728653907776,
        0.8120725750923157,
        0.7806946635246277,
        0.2843145728111267,
        0.6166675090789795,
        0.8387757539749146,
        0.5107704401016235,
        0.523296594619751,
        0.6866707801818848
    ],
    "targets": [
        0.4566666781902313,
        0.19361111521720886,
        0.6427778005599976,
        0.22083333134651184,
        0.7205555438995361,
        0.27166667580604553,
        0.29555556178092957,
        0.7130555510520935,
        0.3222222328186035,
        0.551111102104187,
        0.3199999928474426,
        0.16527777910232544,
        0.4188888967037201,
        0.4025000035762787,
        0.26527777314186096,
        0.820555567741394,
        0.7975000143051147,
        0.40611112117767334,
        0.8174999952316284,
        0.3847222328186035,
        0.5980555415153503,
        0.6122221946716309,
        0.9113888740539551,
        0.7602777481079102,
        0.14472222328186035,
        0.4483333230018616,
        0.261944442987442,
        0.8486111164093018,
        0.7733333110809326,
        0.8033333420753479,
        0.17638888955116272,
        0.5938888788223267,
        0.8933333158493042,
        0.49666666984558105,
        0.4891666769981384,
        0.7691666483879089
    ],
    "keys": [
        "LiZhaoJi_Building+tensorf+baseline+path1",
        "office_view2+mipnerf+baseline+path2",
        "Architecture+nerfacto+clip_2.5+path2",
        "LiZhaoJi_Building+nerf+baseline+path2",
        "apartment+nerfacto+baseline+path1",
        "Sqaure1+tensorf+baseline+path2",
        "Architecture+tensorf+baseline+path1",
        "office1b+instant-ngp+baseline+path1",
        "Center_Garden+mipnerf+baseline+path2",
        "office1b+tensorf+baseline+path2",
        "Architecture+nerf+baseline+path2",
        "Sqaure1+instant-ngp+baseline+path2",
        "apartment+mipnerf+baseline+path1",
        "apartment+nerf+baseline+path2",
        "Architecture+tensorf+clip_1.5+path2",
        "office1b+instant-ngp+baseline+path2",
        "riverview+nerfacto+baseline+path1",
        "riverview+tensorf+baseline+path1",
        "apartment+instant-ngp+baseline+path1",
        "riverview+nerf+baseline+path2",
        "LiZhaoJi_Building+instant-ngp+baseline+path2",
        "raf_furnishedroom+tensorf+baseline+path2",
        "apartment+instant-ngp+baseline+path2",
        "riverview+nerfacto+clip_0.7+path1",
        "LiZhaoJi_Building+instant-ngp+clip_0.4+path1",
        "Architecture+instant-ngp+baseline+path2",
        "Sqaure1+nerf+baseline+path2",
        "raf_furnishedroom+nerfacto+baseline+path1",
        "office1b+nerfacto+gamma_0.6+path1",
        "LiZhaoJi_Building+nerfacto+gamma_0.6+path1",
        "office1b+nerf+baseline+path2",
        "riverview+nerfacto+gamma_0.6+path1",
        "LiZhaoJi_Building+nerfacto+baseline+path1",
        "office_view2+tensorf+baseline+path2",
        "riverview+tensorf+clip_2.5+path1",
        "riverview+instant-ngp+baseline+path1"
    ]
}