{
    "srcc": 0.954592363261094,
    "plcc": 0.9620961607081817,
    "krcc": 0.9084967320261439,
    "rmse": 7.013300895690918
}