{
    "run_info": {
        "epoch": 28,
        "seed": 3407,
        "time": "20260205_182012",
        "criteria": "Max(SRCC+PLCC)"
    },
    "metrics": {
        "srcc": 0.9442724458204333,
        "plcc": 0.9695434361603187,
        "krcc": 0.8562091503267976,
        "rmse": 17.4259090423584,
        "best_combined_score": 1.913815881980752
    },
    "preds": [
        0.25133538246154785,
        0.15629194676876068,
        0.4304811954498291,
        0.13168346881866455,
        0.4973450303077698,
        0.18101276457309723,
        0.22715526819229126,
        0.502756655216217,
        0.1910824477672577,
        0.2960357069969177,
        0.10629581660032272,
        0.13140179216861725,
        0.25792351365089417,
        0.22988075017929077,
        0.16043077409267426,
        0.5540459156036377,
        0.5730371475219727,
        0.24521896243095398
    ],
    "targets": [
        0.4566666781902313,
        0.19361111521720886,
        0.6427778005599976,
        0.22083333134651184,
        0.7205555438995361,
        0.27166667580604553,
        0.29555556178092957,
        0.7130555510520935,
        0.3222222328186035,
        0.551111102104187,
        0.3199999928474426,
        0.16527777910232544,
        0.4188888967037201,
        0.4025000035762787,
        0.26527777314186096,
        0.820555567741394,
        0.7975000143051147,
        0.40611112117767334
    ],
    "keys": [
        "LiZhaoJi_Building+tensorf+baseline+path1",
        "office_view2+mipnerf+baseline+path2",
        "Architecture+nerfacto+clip_2.5+path2",
        "LiZhaoJi_Building+nerf+baseline+path2",
        "apartment+nerfacto+baseline+path1",
        "Sqaure1+tensorf+baseline+path2",
        "Architecture+tensorf+baseline+path1",
        "office1b+instant-ngp+baseline+path1",
        "Center_Garden+mipnerf+baseline+path2",
        "office1b+tensorf+baseline+path2",
        "Architecture+nerf+baseline+path2",
        "Sqaure1+instant-ngp+baseline+path2",
        "apartment+mipnerf+baseline+path1",
        "apartment+nerf+baseline+path2",
        "Architecture+tensorf+clip_1.5+path2",
        "office1b+instant-ngp+baseline+path2",
        "riverview+nerfacto+baseline+path1",
        "riverview+tensorf+baseline+path1"
    ]
}