{
    "run_info": {
        "epoch": 25,
        "seed": 3407,
        "time": "20260205_185725",
        "criteria": "Max(SRCC+PLCC)"
    },
    "metrics": {
        "srcc": 0.9442724458204333,
        "plcc": 0.9737476381228568,
        "krcc": 0.8692810457516341,
        "rmse": 8.354268074035645,
        "best_combined_score": 1.9180200839432902
    },
    "preds": [
        0.3991661071777344,
        0.20137985050678253,
        0.6006788611412048,
        0.18158027529716492,
        0.6546828150749207,
        0.228022038936615,
        0.23575760424137115,
        0.6444829106330872,
        0.30850979685783386,
        0.49103614687919617,
        0.1272243857383728,
        0.13356533646583557,
        0.2868054211139679,
        0.256784051656723,
        0.21197755634784698,
        0.7689275741577148,
        0.6903730630874634,
        0.3236484229564667
    ],
    "targets": [
        0.4566666781902313,
        0.19361111521720886,
        0.6427778005599976,
        0.22083333134651184,
        0.7205555438995361,
        0.27166667580604553,
        0.29555556178092957,
        0.7130555510520935,
        0.3222222328186035,
        0.551111102104187,
        0.3199999928474426,
        0.16527777910232544,
        0.4188888967037201,
        0.4025000035762787,
        0.26527777314186096,
        0.820555567741394,
        0.7975000143051147,
        0.40611112117767334
    ],
    "keys": [
        "LiZhaoJi_Building+tensorf+baseline+path1",
        "office_view2+mipnerf+baseline+path2",
        "Architecture+nerfacto+clip_2.5+path2",
        "LiZhaoJi_Building+nerf+baseline+path2",
        "apartment+nerfacto+baseline+path1",
        "Sqaure1+tensorf+baseline+path2",
        "Architecture+tensorf+baseline+path1",
        "office1b+instant-ngp+baseline+path1",
        "Center_Garden+mipnerf+baseline+path2",
        "office1b+tensorf+baseline+path2",
        "Architecture+nerf+baseline+path2",
        "Sqaure1+instant-ngp+baseline+path2",
        "apartment+mipnerf+baseline+path1",
        "apartment+nerf+baseline+path2",
        "Architecture+tensorf+clip_1.5+path2",
        "office1b+instant-ngp+baseline+path2",
        "riverview+nerfacto+baseline+path1",
        "riverview+tensorf+baseline+path1"
    ]
}