{
    "srcc": 0.954592363261094,
    "plcc": 0.9688979460289672,
    "krcc": 0.8562091503267976,
    "rmse": 5.809995174407959
}