{
    "srcc": 0.9442724458204333,
    "plcc": 0.9769992222540318,
    "krcc": 0.8562091503267976,
    "rmse": 5.290717601776123
}