{
    "srcc": 0.9525283797729618,
    "plcc": 0.9464528429542788,
    "krcc": 0.8954248366013072,
    "rmse": 7.851778984069824
}