{
    "srcc": 0.9628482972136224,
    "plcc": 0.973859825707451,
    "krcc": 0.8954248366013072,
    "rmse": 4.8756279945373535
}