{
    "srcc": 0.9484004127966976,
    "plcc": 0.9796905957709956,
    "krcc": 0.8823529411764707,
    "rmse": 4.26804780960083
}