{
    "srcc": 0.9525283797729618,
    "plcc": 0.9691486111622393,
    "krcc": 0.8954248366013072,
    "rmse": 5.526885032653809
}