{
    "srcc": 0.9442724458204333,
    "plcc": 0.9692979142600445,
    "krcc": 0.8562091503267976,
    "rmse": 10.850286483764648
}