{"metrics": {"srcc": 0.9716859716859718, "plcc": 0.970168590616407}, "preds": [0.4615059792995453, 0.33230850100517273, 0.6200302839279175, 0.3331170380115509, 0.6656041145324707, 0.382987916469574, 0.3888587951660156, 0.6575617790222168, 0.3569274842739105, 0.5274094939231873, 0.2303764671087265, 0.3038806915283203, 0.45663875341415405, 0.399858295917511, 0.35310453176498413, 0.729191243648529, 0.7762258052825928, 0.41921794414520264, 0.74982750415802, 0.33349910378456116, 0.5910744071006775, 0.5543814897537231, 0.8756890296936035, 0.7036339044570923, 0.18915565311908722, 0.480746328830719, 0.34593823552131653, 0.7718944549560547, 0.7878613471984863, 0.6785351634025574, 0.18569020926952362, 0.5507760643959045, 0.7875084280967712, 0.5627731680870056, 0.5535606145858765, 0.6854302883148193], "targets": [0.4566666781902313, 0.19361111521720886, 0.6427778005599976, 0.22083333134651184, 0.7205555438995361, 0.27166667580604553, 0.29555556178092957, 0.7130555510520935, 0.3222222328186035, 0.551111102104187, 0.3199999928474426, 0.16527777910232544, 0.4188888967037201, 0.4025000035762787, 0.26527777314186096, 0.820555567741394, 0.7975000143051147, 0.40611112117767334, 0.8174999952316284, 0.3847222328186035, 0.5980555415153503, 0.6122221946716309, 0.9113888740539551, 0.7602777481079102, 0.14472222328186035, 0.4483333230018616, 0.261944442987442, 0.8486111164093018, 0.7733333110809326, 0.8033333420753479, 0.17638888955116272, 0.5938888788223267, 0.8933333158493042, 0.49666666984558105, 0.4891666769981384, 0.7691666483879089], "keys": ["LiZhaoJi_Building+tensorf+baseline+path1", "office_view2+mipnerf+baseline+path2", "Architecture+nerfacto+clip_2.5+path2", "LiZhaoJi_Building+nerf+baseline+path2", "apartment+nerfacto+baseline+path1", "Sqaure1+tensorf+baseline+path2", "Architecture+tensorf+baseline+path1", "office1b+instant-ngp+baseline+path1", "Center_Garden+mipnerf+baseline+path2", "office1b+tensorf+baseline+path2", "Architecture+nerf+baseline+path2", "Sqaure1+instant-ngp+baseline+path2", "apartment+mipnerf+baseline+path1", "apartment+nerf+baseline+path2", "Architecture+tensorf+clip_1.5+path2", "office1b+instant-ngp+baseline+path2", "riverview+nerfacto+baseline+path1", "riverview+tensorf+baseline+path1", "apartment+instant-ngp+baseline+path1", "riverview+nerf+baseline+path2", "LiZhaoJi_Building+instant-ngp+baseline+path2", "raf_furnishedroom+tensorf+baseline+path2", "apartment+instant-ngp+baseline+path2", "riverview+nerfacto+clip_0.7+path1", "LiZhaoJi_Building+instant-ngp+clip_0.4+path1", "Architecture+instant-ngp+baseline+path2", "Sqaure1+nerf+baseline+path2", "raf_furnishedroom+nerfacto+baseline+path1", "office1b+nerfacto+gamma_0.6+path1", "LiZhaoJi_Building+nerfacto+gamma_0.6+path1", "office1b+nerf+baseline+path2", "riverview+nerfacto+gamma_0.6+path1", "LiZhaoJi_Building+nerfacto+baseline+path1", "office_view2+tensorf+baseline+path2", "riverview+tensorf+clip_2.5+path1", "riverview+instant-ngp+baseline+path1"]}