{
    "srcc": 0.9463364293085655,
    "plcc": 0.9766609977349925,
    "krcc": 0.8692810457516341,
    "rmse": 5.05577278137207
}