{
    "srcc": 0.9525283797729618,
    "plcc": 0.9757976942071664,
    "krcc": 0.8954248366013072,
    "rmse": 4.588196277618408
}