{
    "srcc": 0.9484004127966976,
    "plcc": 0.9660180382381135,
    "krcc": 0.8823529411764707,
    "rmse": 6.639266490936279
}