{
    "run_info": {
        "epoch": 462,
        "seed": 3407,
        "time": "20260204_221701",
        "criteria": "Max(SRCC+PLCC)"
    },
    "metrics": {
        "srcc": 0.9711042311661506,
        "plcc": 0.9667525107756141,
        "krcc": 0.8954248366013072,
        "rmse": 5.348366737365723,
        "best_combined_score": 1.9378567419417647
    },
    "preds": [
        0.47467663884162903,
        0.3024413287639618,
        0.669060230255127,
        0.1999340057373047,
        0.6723417043685913,
        0.3353493809700012,
        0.35522088408470154,
        0.6855899095535278,
        0.3714664578437805,
        0.4854702949523926,
        0.23257742822170258,
        0.09851593524217606,
        0.432503879070282,
        0.40919098258018494,
        0.21418516337871552,
        0.756300151348114,
        0.7685614228248596,
        0.43540921807289124
    ],
    "targets": [
        0.4566666781902313,
        0.19361111521720886,
        0.6427778005599976,
        0.22083333134651184,
        0.7205555438995361,
        0.27166667580604553,
        0.29555556178092957,
        0.7130555510520935,
        0.3222222328186035,
        0.551111102104187,
        0.3199999928474426,
        0.16527777910232544,
        0.4188888967037201,
        0.4025000035762787,
        0.26527777314186096,
        0.820555567741394,
        0.7975000143051147,
        0.40611112117767334
    ],
    "keys": [
        "LiZhaoJi_Building+tensorf+baseline+path1",
        "office_view2+mipnerf+baseline+path2",
        "Architecture+nerfacto+clip_2.5+path2",
        "LiZhaoJi_Building+nerf+baseline+path2",
        "apartment+nerfacto+baseline+path1",
        "Sqaure1+tensorf+baseline+path2",
        "Architecture+tensorf+baseline+path1",
        "office1b+instant-ngp+baseline+path1",
        "Center_Garden+mipnerf+baseline+path2",
        "office1b+tensorf+baseline+path2",
        "Architecture+nerf+baseline+path2",
        "Sqaure1+instant-ngp+baseline+path2",
        "apartment+mipnerf+baseline+path1",
        "apartment+nerf+baseline+path2",
        "Architecture+tensorf+clip_1.5+path2",
        "office1b+instant-ngp+baseline+path2",
        "riverview+nerfacto+baseline+path1",
        "riverview+tensorf+baseline+path1"
    ]
}