{
    "srcc": 0.9484004127966976,
    "plcc": 0.9660729729760907,
    "krcc": 0.8692810457516341,
    "rmse": 5.856733322143555
}