{
    "run_info": {
        "epoch": 7,
        "seed": 3407,
        "time": "20260205_151902",
        "criteria": "Max(SRCC+PLCC)"
    },
    "metrics": {
        "srcc": 0.9215686274509803,
        "plcc": 0.9478465121059947,
        "krcc": 0.7908496732026145,
        "rmse": 10.930774688720703,
        "best_combined_score": 1.869415139556975
    },
    "preds": [
        0.49069949984550476,
        0.39469361305236816,
        0.712138831615448,
        0.41681525111198425,
        0.8000529408454895,
        0.36836984753608704,
        0.44133663177490234,
        0.8281592726707458,
        0.452557235956192,
        0.6104339957237244,
        0.2395559698343277,
        0.32715222239494324,
        0.4700789749622345,
        0.48131096363067627,
        0.36346280574798584,
        0.8998438715934753,
        0.7968040704727173,
        0.45240044593811035
    ],
    "targets": [
        0.4566666781902313,
        0.19361111521720886,
        0.6427778005599976,
        0.22083333134651184,
        0.7205555438995361,
        0.27166667580604553,
        0.29555556178092957,
        0.7130555510520935,
        0.3222222328186035,
        0.551111102104187,
        0.3199999928474426,
        0.16527777910232544,
        0.4188888967037201,
        0.4025000035762787,
        0.26527777314186096,
        0.820555567741394,
        0.7975000143051147,
        0.40611112117767334
    ],
    "keys": [
        "LiZhaoJi_Building+tensorf+baseline+path1",
        "office_view2+mipnerf+baseline+path2",
        "Architecture+nerfacto+clip_2.5+path2",
        "LiZhaoJi_Building+nerf+baseline+path2",
        "apartment+nerfacto+baseline+path1",
        "Sqaure1+tensorf+baseline+path2",
        "Architecture+tensorf+baseline+path1",
        "office1b+instant-ngp+baseline+path1",
        "Center_Garden+mipnerf+baseline+path2",
        "office1b+tensorf+baseline+path2",
        "Architecture+nerf+baseline+path2",
        "Sqaure1+instant-ngp+baseline+path2",
        "apartment+mipnerf+baseline+path1",
        "apartment+nerf+baseline+path2",
        "Architecture+tensorf+clip_1.5+path2",
        "office1b+instant-ngp+baseline+path2",
        "riverview+nerfacto+baseline+path1",
        "riverview+tensorf+baseline+path1"
    ]
}