{
    "run_info": {
        "epoch": 31,
        "seed": 3407,
        "time": "20260205_181711",
        "criteria": "Max(SRCC+PLCC)"
    },
    "metrics": {
        "srcc": 0.9484004127966976,
        "plcc": 0.9670894105587075,
        "krcc": 0.8692810457516341,
        "rmse": 5.278256893157959,
        "best_combined_score": 1.9154898233554052
    },
    "preds": [
        0.4330810308456421,
        0.2798738479614258,
        0.6670204401016235,
        0.26715776324272156,
        0.736731767654419,
        0.28671619296073914,
        0.3014760911464691,
        0.7682945132255554,
        0.31219565868377686,
        0.5009476542472839,
        0.19121606647968292,
        0.265267014503479,
        0.39729735255241394,
        0.39327767491340637,
        0.2805880606174469,
        0.772454559803009,
        0.7832179665565491,
        0.34832829236984253
    ],
    "targets": [
        0.4566666781902313,
        0.19361111521720886,
        0.6427778005599976,
        0.22083333134651184,
        0.7205555438995361,
        0.27166667580604553,
        0.29555556178092957,
        0.7130555510520935,
        0.3222222328186035,
        0.551111102104187,
        0.3199999928474426,
        0.16527777910232544,
        0.4188888967037201,
        0.4025000035762787,
        0.26527777314186096,
        0.820555567741394,
        0.7975000143051147,
        0.40611112117767334
    ],
    "keys": [
        "LiZhaoJi_Building+tensorf+baseline+path1",
        "office_view2+mipnerf+baseline+path2",
        "Architecture+nerfacto+clip_2.5+path2",
        "LiZhaoJi_Building+nerf+baseline+path2",
        "apartment+nerfacto+baseline+path1",
        "Sqaure1+tensorf+baseline+path2",
        "Architecture+tensorf+baseline+path1",
        "office1b+instant-ngp+baseline+path1",
        "Center_Garden+mipnerf+baseline+path2",
        "office1b+tensorf+baseline+path2",
        "Architecture+nerf+baseline+path2",
        "Sqaure1+instant-ngp+baseline+path2",
        "apartment+mipnerf+baseline+path1",
        "apartment+nerf+baseline+path2",
        "Architecture+tensorf+clip_1.5+path2",
        "office1b+instant-ngp+baseline+path2",
        "riverview+nerfacto+baseline+path1",
        "riverview+tensorf+baseline+path1"
    ]
}