{
    "srcc": 0.9484004127966976,
    "plcc": 0.9319344985414431,
    "krcc": 0.8823529411764707,
    "rmse": 7.590474605560303
}