{
    "run_info": {
        "epoch": 8,
        "seed": 3407,
        "time": "20260205_103559",
        "criteria": "Max(SRCC+PLCC)"
    },
    "metrics": {
        "srcc": 0.9463364293085655,
        "plcc": 0.976439132138336,
        "krcc": 0.8431372549019609,
        "rmse": 4.821271896362305,
        "best_combined_score": 1.9227755614469015
    },
    "preds": [
        0.40954238176345825,
        0.22257183492183685,
        0.6079177856445312,
        0.26787805557250977,
        0.7166919708251953,
        0.26565638184547424,
        0.33801618218421936,
        0.6800023913383484,
        0.2894287705421448,
        0.5534623265266418,
        0.2284698337316513,
        0.2210899293422699,
        0.43300825357437134,
        0.3735063672065735,
        0.30685755610466003,
        0.726245105266571,
        0.7931764721870422,
        0.31583184003829956
    ],
    "targets": [
        0.4566666781902313,
        0.19361111521720886,
        0.6427778005599976,
        0.22083333134651184,
        0.7205555438995361,
        0.27166667580604553,
        0.29555556178092957,
        0.7130555510520935,
        0.3222222328186035,
        0.551111102104187,
        0.3199999928474426,
        0.16527777910232544,
        0.4188888967037201,
        0.4025000035762787,
        0.26527777314186096,
        0.820555567741394,
        0.7975000143051147,
        0.40611112117767334
    ],
    "keys": [
        "LiZhaoJi_Building+tensorf+baseline+path1",
        "office_view2+mipnerf+baseline+path2",
        "Architecture+nerfacto+clip_2.5+path2",
        "LiZhaoJi_Building+nerf+baseline+path2",
        "apartment+nerfacto+baseline+path1",
        "Sqaure1+tensorf+baseline+path2",
        "Architecture+tensorf+baseline+path1",
        "office1b+instant-ngp+baseline+path1",
        "Center_Garden+mipnerf+baseline+path2",
        "office1b+tensorf+baseline+path2",
        "Architecture+nerf+baseline+path2",
        "Sqaure1+instant-ngp+baseline+path2",
        "apartment+mipnerf+baseline+path1",
        "apartment+nerf+baseline+path2",
        "Architecture+tensorf+clip_1.5+path2",
        "office1b+instant-ngp+baseline+path2",
        "riverview+nerfacto+baseline+path1",
        "riverview+tensorf+baseline+path1"
    ]
}