{
    "srcc": 0.9504643962848297,
    "plcc": 0.9763407526814092,
    "krcc": 0.8954248366013072,
    "rmse": 5.33749532699585
}