{
    "run_info": {
        "epoch": 137,
        "seed": 3407,
        "time": "20260205_195042"
    },
    "metrics": {
        "srcc": 0.9628482972136224,
        "plcc": 0.978589725051262,
        "krcc": 0.9084967320261439,
        "rmse": 12.197531700134277,
        "best_combined_score": 1.9414380222648844
    },
    "preds": [
        0.3739932179450989,
        0.16573955118656158,
        0.5402153730392456,
        0.17088142037391663,
        0.5520248413085938,
        0.19935069978237152,
        0.2650923728942871,
        0.579576313495636,
        0.2507931590080261,
        0.4305178225040436,
        0.13585492968559265,
        0.09895515441894531,
        0.3298756182193756,
        0.28366637229919434,
        0.18680346012115479,
        0.5938403606414795,
        0.5881299376487732,
        0.29031339287757874
    ],
    "targets": [
        0.4566666781902313,
        0.19361111521720886,
        0.6427778005599976,
        0.22083333134651184,
        0.7205555438995361,
        0.27166667580604553,
        0.29555556178092957,
        0.7130555510520935,
        0.3222222328186035,
        0.551111102104187,
        0.3199999928474426,
        0.16527777910232544,
        0.4188888967037201,
        0.4025000035762787,
        0.26527777314186096,
        0.820555567741394,
        0.7975000143051147,
        0.40611112117767334
    ],
    "keys": [
        "LiZhaoJi_Building+tensorf+baseline+path1",
        "office_view2+mipnerf+baseline+path2",
        "Architecture+nerfacto+clip_2.5+path2",
        "LiZhaoJi_Building+nerf+baseline+path2",
        "apartment+nerfacto+baseline+path1",
        "Sqaure1+tensorf+baseline+path2",
        "Architecture+tensorf+baseline+path1",
        "office1b+instant-ngp+baseline+path1",
        "Center_Garden+mipnerf+baseline+path2",
        "office1b+tensorf+baseline+path2",
        "Architecture+nerf+baseline+path2",
        "Sqaure1+instant-ngp+baseline+path2",
        "apartment+mipnerf+baseline+path1",
        "apartment+nerf+baseline+path2",
        "Architecture+tensorf+clip_1.5+path2",
        "office1b+instant-ngp+baseline+path2",
        "riverview+nerfacto+baseline+path1",
        "riverview+tensorf+baseline+path1"
    ]
}