{
    "srcc": 0.9504643962848297,
    "plcc": 0.9635974508349014,
    "krcc": 0.8823529411764707,
    "rmse": 6.022841930389404
}