{
    "srcc": 0.9484004127966976,
    "plcc": 0.9771756699085559,
    "krcc": 0.8823529411764707,
    "rmse": 5.869134902954102
}