{
    "srcc": 0.9566563467492261,
    "plcc": 0.9761018729335763,
    "krcc": 0.8692810457516341,
    "rmse": 5.009787559509277
}