{"metrics": {"srcc": 0.9719433719433721, "plcc": 0.9710654375950409}, "preds": [0.445880651473999, 0.3149554431438446, 0.5818006992340088, 0.20034071803092957, 0.6583661437034607, 0.33366236090660095, 0.35421401262283325, 0.7213569283485413, 0.3712184429168701, 0.562074601650238, 0.21336029469966888, 0.16841720044612885, 0.38046103715896606, 0.3892584443092346, 0.2961665689945221, 0.7733553647994995, 0.6843236684799194, 0.40893039107322693, 0.7784166932106018, 0.2732575833797455, 0.5772929191589355, 0.6366134285926819, 0.8384745121002197, 0.6675316095352173, 0.12585793435573578, 0.38563212752342224, 0.2801687717437744, 0.7731501460075378, 0.7596657276153564, 0.7191812992095947, 0.20865800976753235, 0.5953373312950134, 0.7511024475097656, 0.5328145027160645, 0.5501033663749695, 0.6327759027481079], "targets": [0.4566666781902313, 0.19361111521720886, 0.6427778005599976, 0.22083333134651184, 0.7205555438995361, 0.27166667580604553, 0.29555556178092957, 0.7130555510520935, 0.3222222328186035, 0.551111102104187, 0.3199999928474426, 0.16527777910232544, 0.4188888967037201, 0.4025000035762787, 0.26527777314186096, 0.820555567741394, 0.7975000143051147, 0.40611112117767334, 0.8174999952316284, 0.3847222328186035, 0.5980555415153503, 0.6122221946716309, 0.9113888740539551, 0.7602777481079102, 0.14472222328186035, 0.4483333230018616, 0.261944442987442, 0.8486111164093018, 0.7733333110809326, 0.8033333420753479, 0.17638888955116272, 0.5938888788223267, 0.8933333158493042, 0.49666666984558105, 0.4891666769981384, 0.7691666483879089], "keys": ["LiZhaoJi_Building+tensorf+baseline+path1", "office_view2+mipnerf+baseline+path2", "Architecture+nerfacto+clip_2.5+path2", "LiZhaoJi_Building+nerf+baseline+path2", "apartment+nerfacto+baseline+path1", "Sqaure1+tensorf+baseline+path2", "Architecture+tensorf+baseline+path1", "office1b+instant-ngp+baseline+path1", "Center_Garden+mipnerf+baseline+path2", "office1b+tensorf+baseline+path2", "Architecture+nerf+baseline+path2", "Sqaure1+instant-ngp+baseline+path2", "apartment+mipnerf+baseline+path1", "apartment+nerf+baseline+path2", "Architecture+tensorf+clip_1.5+path2", "office1b+instant-ngp+baseline+path2", "riverview+nerfacto+baseline+path1", "riverview+tensorf+baseline+path1", "apartment+instant-ngp+baseline+path1", "riverview+nerf+baseline+path2", "LiZhaoJi_Building+instant-ngp+baseline+path2", "raf_furnishedroom+tensorf+baseline+path2", "apartment+instant-ngp+baseline+path2", "riverview+nerfacto+clip_0.7+path1", "LiZhaoJi_Building+instant-ngp+clip_0.4+path1", "Architecture+instant-ngp+baseline+path2", "Sqaure1+nerf+baseline+path2", "raf_furnishedroom+nerfacto+baseline+path1", "office1b+nerfacto+gamma_0.6+path1", "LiZhaoJi_Building+nerfacto+gamma_0.6+path1", "office1b+nerf+baseline+path2", "riverview+nerfacto+gamma_0.6+path1", "LiZhaoJi_Building+nerfacto+baseline+path1", "office_view2+tensorf+baseline+path2", "riverview+tensorf+clip_2.5+path1", "riverview+instant-ngp+baseline+path1"]}