{
    "srcc": 0.9442724458204333,
    "plcc": 0.9755672000961944,
    "krcc": 0.8562091503267976,
    "rmse": 6.140538692474365
}