{
    "run_info": {
        "epoch": 350,
        "seed": 42,
        "time": "20260205_195042"
    },
    "metrics": {
        "srcc": 0.9628482972136224,
        "plcc": 0.9768907927711973,
        "krcc": 0.8823529411764707,
        "rmse": 4.635826587677002,
        "best_combined_score": 1.9397390899848197
    },
    "preds": [
        0.47393983602523804,
        0.29658976197242737,
        0.7061507105827332,
        0.20843030512332916,
        0.6694989204406738,
        0.3111322522163391,
        0.36955899000167847,
        0.7677996158599854,
        0.337085098028183,
        0.5508689880371094,
        0.2333279401063919,
        0.17947222292423248,
        0.4202541708946228,
        0.3805595934391022,
        0.3137497901916504,
        0.8154056668281555,
        0.7844997644424438,
        0.40929409861564636
    ],
    "targets": [
        0.4566666781902313,
        0.19361111521720886,
        0.6427778005599976,
        0.22083333134651184,
        0.7205555438995361,
        0.27166667580604553,
        0.29555556178092957,
        0.7130555510520935,
        0.3222222328186035,
        0.551111102104187,
        0.3199999928474426,
        0.16527777910232544,
        0.4188888967037201,
        0.4025000035762787,
        0.26527777314186096,
        0.820555567741394,
        0.7975000143051147,
        0.40611112117767334
    ],
    "keys": [
        "LiZhaoJi_Building+tensorf+baseline+path1",
        "office_view2+mipnerf+baseline+path2",
        "Architecture+nerfacto+clip_2.5+path2",
        "LiZhaoJi_Building+nerf+baseline+path2",
        "apartment+nerfacto+baseline+path1",
        "Sqaure1+tensorf+baseline+path2",
        "Architecture+tensorf+baseline+path1",
        "office1b+instant-ngp+baseline+path1",
        "Center_Garden+mipnerf+baseline+path2",
        "office1b+tensorf+baseline+path2",
        "Architecture+nerf+baseline+path2",
        "Sqaure1+instant-ngp+baseline+path2",
        "apartment+mipnerf+baseline+path1",
        "apartment+nerf+baseline+path2",
        "Architecture+tensorf+clip_1.5+path2",
        "office1b+instant-ngp+baseline+path2",
        "riverview+nerfacto+baseline+path1",
        "riverview+tensorf+baseline+path1"
    ]
}