{
    "srcc": 0.9463364293085655,
    "plcc": 0.9768893446385538,
    "krcc": 0.8692810457516341,
    "rmse": 4.592525005340576
}