{
    "srcc": 0.9484004127966976,
    "plcc": 0.9727382413964224,
    "krcc": 0.8823529411764707,
    "rmse": 6.219818592071533
}