{
    "srcc": 0.9587203302373581,
    "plcc": 0.9734289996696127,
    "krcc": 0.8823529411764707,
    "rmse": 6.360095977783203
}