{
    "srcc": 0.9504643962848297,
    "plcc": 0.967223484585444,
    "krcc": 0.8823529411764707,
    "rmse": 5.5139946937561035
}