{
    "run_info": {
        "epoch": 32,
        "seed": 3407,
        "time": "20260205_174824",
        "criteria": "Max(SRCC+PLCC)"
    },
    "metrics": {
        "srcc": 0.9484004127966976,
        "plcc": 0.9737359381121595,
        "krcc": 0.8431372549019609,
        "rmse": 4.726611614227295,
        "best_combined_score": 1.9221363509088571
    },
    "preds": [
        0.49364766478538513,
        0.21386787295341492,
        0.7139830589294434,
        0.24503229558467865,
        0.7039254307746887,
        0.2985897362232208,
        0.369981974363327,
        0.7401315569877625,
        0.3190104067325592,
        0.4824627637863159,
        0.202225461602211,
        0.17922678589820862,
        0.3716174066066742,
        0.3743819296360016,
        0.2989075481891632,
        0.7817550301551819,
        0.7653313875198364,
        0.410716712474823
    ],
    "targets": [
        0.4566666781902313,
        0.19361111521720886,
        0.6427778005599976,
        0.22083333134651184,
        0.7205555438995361,
        0.27166667580604553,
        0.29555556178092957,
        0.7130555510520935,
        0.3222222328186035,
        0.551111102104187,
        0.3199999928474426,
        0.16527777910232544,
        0.4188888967037201,
        0.4025000035762787,
        0.26527777314186096,
        0.820555567741394,
        0.7975000143051147,
        0.40611112117767334
    ],
    "keys": [
        "LiZhaoJi_Building+tensorf+baseline+path1",
        "office_view2+mipnerf+baseline+path2",
        "Architecture+nerfacto+clip_2.5+path2",
        "LiZhaoJi_Building+nerf+baseline+path2",
        "apartment+nerfacto+baseline+path1",
        "Sqaure1+tensorf+baseline+path2",
        "Architecture+tensorf+baseline+path1",
        "office1b+instant-ngp+baseline+path1",
        "Center_Garden+mipnerf+baseline+path2",
        "office1b+tensorf+baseline+path2",
        "Architecture+nerf+baseline+path2",
        "Sqaure1+instant-ngp+baseline+path2",
        "apartment+mipnerf+baseline+path1",
        "apartment+nerf+baseline+path2",
        "Architecture+tensorf+clip_1.5+path2",
        "office1b+instant-ngp+baseline+path2",
        "riverview+nerfacto+baseline+path1",
        "riverview+tensorf+baseline+path1"
    ]
}