{
    "run_info": {
        "epoch": 28,
        "seed": 3407,
        "time": "20260205_163303",
        "criteria": "Max(SRCC+PLCC)"
    },
    "metrics": {
        "srcc": 0.9484004127966976,
        "plcc": 0.9636350115446679,
        "krcc": 0.8692810457516341,
        "rmse": 7.416019439697266,
        "best_combined_score": 1.9120354243413655
    },
    "preds": [
        0.4912402927875519,
        0.3179335296154022,
        0.6495357751846313,
        0.32947614789009094,
        0.6666321158409119,
        0.3670406937599182,
        0.37257757782936096,
        0.6398488879203796,
        0.38012808561325073,
        0.5157057642936707,
        0.25287899374961853,
        0.31812813878059387,
        0.41820254921913147,
        0.3918831944465637,
        0.3433644473552704,
        0.7431149482727051,
        0.7536686062812805,
        0.3817130923271179
    ],
    "targets": [
        0.4566666781902313,
        0.19361111521720886,
        0.6427778005599976,
        0.22083333134651184,
        0.7205555438995361,
        0.27166667580604553,
        0.29555556178092957,
        0.7130555510520935,
        0.3222222328186035,
        0.551111102104187,
        0.3199999928474426,
        0.16527777910232544,
        0.4188888967037201,
        0.4025000035762787,
        0.26527777314186096,
        0.820555567741394,
        0.7975000143051147,
        0.40611112117767334
    ],
    "keys": [
        "LiZhaoJi_Building+tensorf+baseline+path1",
        "office_view2+mipnerf+baseline+path2",
        "Architecture+nerfacto+clip_2.5+path2",
        "LiZhaoJi_Building+nerf+baseline+path2",
        "apartment+nerfacto+baseline+path1",
        "Sqaure1+tensorf+baseline+path2",
        "Architecture+tensorf+baseline+path1",
        "office1b+instant-ngp+baseline+path1",
        "Center_Garden+mipnerf+baseline+path2",
        "office1b+tensorf+baseline+path2",
        "Architecture+nerf+baseline+path2",
        "Sqaure1+instant-ngp+baseline+path2",
        "apartment+mipnerf+baseline+path1",
        "apartment+nerf+baseline+path2",
        "Architecture+tensorf+clip_1.5+path2",
        "office1b+instant-ngp+baseline+path2",
        "riverview+nerfacto+baseline+path1",
        "riverview+tensorf+baseline+path1"
    ]
}