{
    "srcc": 0.9484004127966976,
    "plcc": 0.9694177981506985,
    "krcc": 0.8823529411764707,
    "rmse": 9.831175804138184
}