{
    "srcc": 0.9566563467492261,
    "plcc": 0.9785573558329629,
    "krcc": 0.8823529411764707,
    "rmse": 7.131256103515625
}