{
    "srcc": 0.9401444788441692,
    "plcc": 0.9796076629474123,
    "krcc": 0.8431372549019609,
    "rmse": 4.3806610107421875
}